{
  "Products" : {
    "Bags" : {
      "-L3SiiewlaQCUNibSQo-" : {
        "carddiscription" : "Custom Paper bag for placing light items",
        "cardid" : 2094,
        "cardimage" : "https://thumbs.dreamstime.com/b/white-paper-shopping-bag-isolated-white-clipping-path-42098689.jpg",
        "cardname" : "Paper Bag",
        "cardprice" : 2300
      }
    },
    "Calendar" : {
      "-L3gGsNa2sl97t0bxbYa" : {
        "carddiscription" : "Custom Printed Calendar for 2018",
        "cardid" : 2580,
        "cardimage" : "https://encrypted-tbn1.gstatic.com/images?q=tbn:ANd9GcQKrEsNakXVzDERHFBuCR5J_HmybxNxDu4BTamHth80kXKFNXI5Nw",
        "cardname" : "Your Calendar",
        "cardprice" : 260
      }
    },
    "Cards" : {
      "-L3gD7I1VZ7GCsrd8EuV" : {
        "carddiscription" : "My custom Buisness Card",
        "cardid" : 1024,
        "cardimage" : "https://cmkt-image-prd.global.ssl.fastly.net/0.1.0/ps/11838/580/386/m1/fpnw/wm0/01_preview-.jpg?1364461998&s=edb663e60bfbb4e77567f470d0805152",
        "cardname" : "Buisness Card",
        "cardprice" : 50
      },
      "-LEiWNnJ5OgEj2aS4B7T" : {
        "carddiscription" : "Greetings",
        "cardid" : 101,
        "cardimage" : "https://encrypted-tbn0.gstatic.com/images?q=tbn:ANd9GcSjnTQ-3339-90dn1jFWwvDOoQfhYFP8qptshVK4kJos9InIR6AzfoIjakusQ",
        "cardname" : "Cards",
        "cardprice" : 30
      },
      "-LEiWfMtuYCJklowHaNK" : {
        "carddiscription" : "Some random text",
        "cardid" : 5794,
        "cardimage" : "https://encrypted-tbn3.gstatic.com/images?q=tbn:ANd9GcRNayVPV2hbjsQfXhLSAqPxNe927ZlMWaR_Qid6rA9VKxRGoplgAg",
        "cardname" : "Birthday Card",
        "cardprice" : 120
      }
    },
    "Keychain" : {
      "-L3gHglXNbLArJc0m-Kj" : {
        "carddiscription" : "Custom printed Named Keychain",
        "cardid" : 3578,
        "cardimage" : "https://encrypted-tbn1.gstatic.com/images?q=tbn:ANd9GcS6MA0XqYddB4cZjZ2g-InqhdkaI5vO3UOB3RxtVRph_kKh0OAgAGDsrZXz",
        "cardname" : "Your Keychain",
        "cardprice" : 120
      }
    },
    "Stationary" : {
      "-L3gDag7bO_fmHzZCqZq" : {
        "carddiscription" : "Custom Printed Company's Pen",
        "cardid" : 9601,
        "cardimage" : "https://encrypted-tbn0.gstatic.com/images?q=tbn:ANd9GcRRQRPgSJR41rEkwrmUPudPR7a0oFV4axWt_FSrJF1SB_8mLYdb",
        "cardname" : "Pens Set",
        "cardprice" : 40
      }
    },
    "Tshirt" : {
      "-L3gHJ74g4ibrUJvj0NJ" : {
        "carddiscription" : "Your company's official tshirt",
        "cardid" : 6547,
        "cardimage" : "https://encrypted-tbn0.gstatic.com/images?q=tbn:ANd9GcQ-aiTSHsONvhK-h6vYCEQhQXzK-35foEla0qkVPNw8IBhLyrpt",
        "cardname" : "Custom Tshirt",
        "cardprice" : 550
      },
      "-L46Bgt5W5p0pMEkqduF" : {
        "carddiscription" : "some desc",
        "cardid" : 88998,
        "cardimage" : "https://encrypted-tbn3.gstatic.com/shopping?q=tbn:ANd9GcR7cuqozYGH0LsAmj5qqYJ3MZ0pZGv8x7CYxk6UVNIyNZahx2iDzp2u4WfNb3tqRuPLVmixWr8&usqp=CAc",
        "cardname" : "panda tshirt",
        "cardprice" : 350
      }
    }
  },
  "cart" : {
    "0904406530" : {
      "-LMUGmtIjNGTCza-_gZP" : {
        "message_body" : "فففلل",
        "message_header" : "تتتت\nتت",
        "no_of_items" : 1,
        "prdesc" : "Custom Printed Calendar for 2018",
        "prid" : 2580,
        "primage" : "https://encrypted-tbn1.gstatic.com/images?q=tbn:ANd9GcQKrEsNakXVzDERHFBuCR5J_HmybxNxDu4BTamHth80kXKFNXI5Nw",
        "prname" : "Your Calendar",
        "prprice" : "260.0",
        "useremail" : "Mosz3r0@gmail.com",
        "usermobile" : "0904406530"
      }
    },
    "1234567890" : {
      "-LK_tAbvNvWw25AD3CPn" : {
        "message_body" : "warna",
        "message_header" : "Jalan Kebun Agung No 2",
        "no_of_items" : 1,
        "prdesc" : "My custom Buisness Card",
        "prid" : 1024,
        "primage" : "https://cmkt-image-prd.global.ssl.fastly.net/0.1.0/ps/11838/580/386/m1/fpnw/wm0/01_preview-.jpg?1364461998&s=edb663e60bfbb4e77567f470d0805152",
        "prname" : "Buisness Card",
        "prprice" : "50.0",
        "useremail" : "ianz@gmail.com",
        "usermobile" : "1234567890"
      }
    },
    "5126214122" : {
      "-LLYoMi-s2qC7B4gM84S" : {
        "message_body" : "I have ",
        "message_header" : "Gugu",
        "no_of_items" : 1,
        "prdesc" : "Greetings",
        "prid" : 101,
        "primage" : "https://encrypted-tbn0.gstatic.com/images?q=tbn:ANd9GcSjnTQ-3339-90dn1jFWwvDOoQfhYFP8qptshVK4kJos9InIR6AzfoIjakusQ",
        "prname" : "Cards",
        "prprice" : "30.0",
        "useremail" : "Mo@yahoo.com",
        "usermobile" : "5126214122"
      },
      "-LLYoZyZiYuOtx_a9r6M" : {
        "message_body" : "Dhchgfh",
        "message_header" : "Fjgjhg",
        "no_of_items" : 1,
        "prdesc" : "Greetings",
        "prid" : 101,
        "primage" : "https://encrypted-tbn0.gstatic.com/images?q=tbn:ANd9GcSjnTQ-3339-90dn1jFWwvDOoQfhYFP8qptshVK4kJos9InIR6AzfoIjakusQ",
        "prname" : "Cards",
        "prprice" : "30.0",
        "useremail" : "Mo@yahoo.com",
        "usermobile" : "5126214122"
      }
    },
    "7276520718" : {
      "-L9JVX0BwoGjBsTyDXea" : {
        "message_body" : "development",
        "message_header" : "Andrew",
        "no_of_items" : 1,
        "prdesc" : "My custom Buisness Card",
        "prid" : 1024,
        "primage" : "https://cmkt-image-prd.global.ssl.fastly.net/0.1.0/ps/11838/580/386/m1/fpnw/wm0/01_preview-.jpg?1364461998&s=edb663e60bfbb4e77567f470d0805152",
        "prname" : "Buisness Card",
        "prprice" : "50.0",
        "useremail" : "uttams@outlook.com",
        "usermobile" : "7276520718"
      },
      "-L9OfGpK1orGqdm6Tx3k" : {
        "message_body" : "sjsjzj",
        "message_header" : "sjejxjx",
        "no_of_items" : 1,
        "prdesc" : "Custom printed Named Keychain",
        "prid" : 3578,
        "primage" : "https://encrypted-tbn1.gstatic.com/images?q=tbn:ANd9GcS6MA0XqYddB4cZjZ2g-InqhdkaI5vO3UOB3RxtVRph_kKh0OAgAGDsrZXz",
        "prname" : "Your Keychain",
        "prprice" : "120.0",
        "useremail" : "uttams@outlook.com",
        "usermobile" : "7276520718"
      }
    },
    "7719846014" : {
      "-LKaF7T2ZGfgXLZer2as" : {
        "message_body" : "",
        "message_header" : "",
        "no_of_items" : 1,
        "prdesc" : "Some random text",
        "prid" : 5794,
        "primage" : "https://encrypted-tbn3.gstatic.com/images?q=tbn:ANd9GcRNayVPV2hbjsQfXhLSAqPxNe927ZlMWaR_Qid6rA9VKxRGoplgAg",
        "prname" : "Birthday Card",
        "prprice" : "120.0",
        "useremail" : "mahesh@gmail.com",
        "usermobile" : "7719846014"
      },
      "-LKaFLnUapVoX9nnukpx" : {
        "message_body" : "",
        "message_header" : "",
        "no_of_items" : 5,
        "prdesc" : "Custom Printed Company's Pen",
        "prid" : 9601,
        "primage" : "https://encrypted-tbn0.gstatic.com/images?q=tbn:ANd9GcRRQRPgSJR41rEkwrmUPudPR7a0oFV4axWt_FSrJF1SB_8mLYdb",
        "prname" : "Pens Set",
        "prprice" : "40.0",
        "useremail" : "mahesh@gmail.com",
        "usermobile" : "7719846014"
      },
      "-LKaTmDF2do7R5oBTN2w" : {
        "message_body" : "",
        "message_header" : "",
        "no_of_items" : 1,
        "prdesc" : "My custom Buisness Card",
        "prid" : 1024,
        "primage" : "https://cmkt-image-prd.global.ssl.fastly.net/0.1.0/ps/11838/580/386/m1/fpnw/wm0/01_preview-.jpg?1364461998&s=edb663e60bfbb4e77567f470d0805152",
        "prname" : "Buisness Card",
        "prprice" : "50.0",
        "useremail" : "mahesh@gmail.com",
        "usermobile" : "7719846014"
      },
      "-LKaXK173o4ZIm3uG8nL" : {
        "message_body" : "",
        "message_header" : "",
        "no_of_items" : 1,
        "prdesc" : "Your company's official tshirt",
        "prid" : 6547,
        "primage" : "https://encrypted-tbn0.gstatic.com/images?q=tbn:ANd9GcQ-aiTSHsONvhK-h6vYCEQhQXzK-35foEla0qkVPNw8IBhLyrpt",
        "prname" : "Custom Tshirt",
        "prprice" : "550.0",
        "useremail" : "mahesh@gmail.com",
        "usermobile" : "7719846014"
      },
      "-LKaXKxO242LxioFA38N" : {
        "message_body" : "",
        "message_header" : "",
        "no_of_items" : 1,
        "prdesc" : "Your company's official tshirt",
        "prid" : 6547,
        "primage" : "https://encrypted-tbn0.gstatic.com/images?q=tbn:ANd9GcQ-aiTSHsONvhK-h6vYCEQhQXzK-35foEla0qkVPNw8IBhLyrpt",
        "prname" : "Custom Tshirt",
        "prprice" : "550.0",
        "useremail" : "mahesh@gmail.com",
        "usermobile" : "7719846014"
      },
      "-LKaguf2cr831_-I3bIY" : {
        "message_body" : "",
        "message_header" : "",
        "no_of_items" : 1,
        "prdesc" : "Custom Printed Calendar for 2018",
        "prid" : 2580,
        "primage" : "https://encrypted-tbn1.gstatic.com/images?q=tbn:ANd9GcQKrEsNakXVzDERHFBuCR5J_HmybxNxDu4BTamHth80kXKFNXI5Nw",
        "prname" : "Your Calendar",
        "prprice" : "260.0",
        "useremail" : "mahesh@gmail.com",
        "usermobile" : "7719846014"
      },
      "-LKeQq1wyFrq3tg2NiXU" : {
        "message_body" : "",
        "message_header" : "",
        "no_of_items" : 1,
        "prdesc" : "some desc",
        "prid" : 88998,
        "primage" : "https://encrypted-tbn3.gstatic.com/shopping?q=tbn:ANd9GcR7cuqozYGH0LsAmj5qqYJ3MZ0pZGv8x7CYxk6UVNIyNZahx2iDzp2u4WfNb3tqRuPLVmixWr8&usqp=CAc",
        "prname" : "panda tshirt",
        "prprice" : "350.0",
        "useremail" : "mahesh@gmail.com",
        "usermobile" : "7719846014"
      },
      "-LKenopl2i6sNB_laMev" : {
        "message_body" : "",
        "message_header" : "",
        "no_of_items" : 1,
        "prdesc" : "Greetings",
        "prid" : 101,
        "primage" : "https://encrypted-tbn0.gstatic.com/images?q=tbn:ANd9GcSjnTQ-3339-90dn1jFWwvDOoQfhYFP8qptshVK4kJos9InIR6AzfoIjakusQ",
        "prname" : "Cards",
        "prprice" : "30.0",
        "useremail" : "mahesh@gmail.com",
        "usermobile" : "7719846014"
      },
      "-LKenp7KjnwSX9F47F-y" : {
        "message_body" : "",
        "message_header" : "",
        "no_of_items" : 1,
        "prdesc" : "Greetings",
        "prid" : 101,
        "primage" : "https://encrypted-tbn0.gstatic.com/images?q=tbn:ANd9GcSjnTQ-3339-90dn1jFWwvDOoQfhYFP8qptshVK4kJos9InIR6AzfoIjakusQ",
        "prname" : "Cards",
        "prprice" : "30.0",
        "useremail" : "mahesh@gmail.com",
        "usermobile" : "7719846014"
      },
      "-LKfOQ36ddBfIriFEAXP" : {
        "message_body" : "",
        "message_header" : "",
        "no_of_items" : 3,
        "prdesc" : "Greetings",
        "prid" : 101,
        "primage" : "https://encrypted-tbn0.gstatic.com/images?q=tbn:ANd9GcSjnTQ-3339-90dn1jFWwvDOoQfhYFP8qptshVK4kJos9InIR6AzfoIjakusQ",
        "prname" : "Cards",
        "prprice" : "30.0",
        "useremail" : "mahesh@gmail.com",
        "usermobile" : "7719846014"
      }
    },
    "9005367936" : {
      "-L3lMpWoGXlz2hvFHzu0" : {
        "message_body" : "gshsh",
        "message_header" : "vebbd",
        "no_of_items" : 4,
        "prdesc" : "My custom Buisness Card",
        "prid" : 1024,
        "primage" : "https://cmkt-image-prd.global.ssl.fastly.net/0.1.0/ps/11838/580/386/m1/fpnw/wm0/01_preview-.jpg?1364461998&s=edb663e60bfbb4e77567f470d0805152",
        "prname" : "Buisness Card",
        "prprice" : "50.0",
        "useremail" : "singh_kshitij@yahoo.com",
        "usermobile" : "9005367936"
      },
      "-L3zze6-PzdFNs8G0dII" : {
        "message_body" : "joshi",
        "message_header" : "rushi",
        "no_of_items" : 1,
        "prdesc" : "Your company's official tshirt",
        "prid" : 6547,
        "primage" : "https://encrypted-tbn0.gstatic.com/images?q=tbn:ANd9GcQ-aiTSHsONvhK-h6vYCEQhQXzK-35foEla0qkVPNw8IBhLyrpt",
        "prname" : "Custom Tshirt",
        "prprice" : "550.0",
        "useremail" : "singh_kshitij@yahoo.com",
        "usermobile" : "9005367936"
      }
    },
    "9005367937" : {
      "-LHYcqls5GGoZBzVOYh6" : {
        "message_body" : "djdjdjjd",
        "message_header" : "sieeje",
        "no_of_items" : 1,
        "prdesc" : "some desc",
        "prid" : 88998,
        "primage" : "https://encrypted-tbn3.gstatic.com/shopping?q=tbn:ANd9GcR7cuqozYGH0LsAmj5qqYJ3MZ0pZGv8x7CYxk6UVNIyNZahx2iDzp2u4WfNb3tqRuPLVmixWr8&usqp=CAc",
        "prname" : "panda tshirt",
        "prprice" : "350.0",
        "useremail" : "singh_kshitij@yahoo.com",
        "usermobile" : "9005367937"
      }
    },
    "9009835278" : {
      "-L5qSJSUd8RDPlbIv5lG" : {
        "message_body" : "Gfj",
        "message_header" : "Gdj",
        "no_of_items" : 1,
        "prdesc" : "My custom Buisness Card",
        "prid" : 1024,
        "primage" : "https://cmkt-image-prd.global.ssl.fastly.net/0.1.0/ps/11838/580/386/m1/fpnw/wm0/01_preview-.jpg?1364461998&s=edb663e60bfbb4e77567f470d0805152",
        "prname" : "Buisness Card",
        "prprice" : "50.0",
        "useremail" : "sohinisarkar28995@gmail.com",
        "usermobile" : "9009835278"
      },
      "-L5qSKcy1PdAplbf2n9X" : {
        "message_body" : "Gfj",
        "message_header" : "Gdj",
        "no_of_items" : 1,
        "prdesc" : "My custom Buisness Card",
        "prid" : 1024,
        "primage" : "https://cmkt-image-prd.global.ssl.fastly.net/0.1.0/ps/11838/580/386/m1/fpnw/wm0/01_preview-.jpg?1364461998&s=edb663e60bfbb4e77567f470d0805152",
        "prname" : "Buisness Card",
        "prprice" : "50.0",
        "useremail" : "sohinisarkar28995@gmail.com",
        "usermobile" : "9009835278"
      }
    },
    "9689563214" : {
      "-LNq-nNgPLCARm_BJrnX" : {
        "message_body" : "dvjvjvjvjv",
        "message_header" : "vjjvjv",
        "no_of_items" : 1,
        "prdesc" : "Your company's official tshirt",
        "prid" : 6547,
        "primage" : "https://encrypted-tbn0.gstatic.com/images?q=tbn:ANd9GcQ-aiTSHsONvhK-h6vYCEQhQXzK-35foEla0qkVPNw8IBhLyrpt",
        "prname" : "Custom Tshirt",
        "prprice" : "550.0",
        "useremail" : "wotifav@polyswarms.com",
        "usermobile" : "9689563214"
      }
    },
    "9823136322" : {
      "-L9Gnu-H4xw3k_sm_etH" : {
        "message_body" : "bzzbsnsns",
        "message_header" : "bxbzjsnsb",
        "no_of_items" : 1,
        "prdesc" : "some desc",
        "prid" : 88998,
        "primage" : "https://encrypted-tbn3.gstatic.com/shopping?q=tbn:ANd9GcR7cuqozYGH0LsAmj5qqYJ3MZ0pZGv8x7CYxk6UVNIyNZahx2iDzp2u4WfNb3tqRuPLVmixWr8&usqp=CAc",
        "prname" : "panda tshirt",
        "prprice" : "350.0",
        "useremail" : "lohar2159@gmail.com",
        "usermobile" : "9823136322"
      }
    },
    "9876543210" : {
      "-LIk5j-uD0UtFVAqLf7V" : {
        "message_body" : "hii",
        "message_header" : "hi",
        "no_of_items" : 1,
        "prdesc" : "My custom Buisness Card",
        "prid" : 1024,
        "primage" : "https://cmkt-image-prd.global.ssl.fastly.net/0.1.0/ps/11838/580/386/m1/fpnw/wm0/01_preview-.jpg?1364461998&s=edb663e60bfbb4e77567f470d0805152",
        "prname" : "Buisness Card",
        "prprice" : "50.0",
        "useremail" : "kelvin.ejob@gmail.com",
        "usermobile" : "9876543210"
      },
      "-LIk5kk8RhsZK5CqIAlX" : {
        "message_body" : "hii",
        "message_header" : "hi",
        "no_of_items" : 1,
        "prdesc" : "My custom Buisness Card",
        "prid" : 1024,
        "primage" : "https://cmkt-image-prd.global.ssl.fastly.net/0.1.0/ps/11838/580/386/m1/fpnw/wm0/01_preview-.jpg?1364461998&s=edb663e60bfbb4e77567f470d0805152",
        "prname" : "Buisness Card",
        "prprice" : "50.0",
        "useremail" : "kelvin.ejob@gmail.com",
        "usermobile" : "9876543210"
      }
    }
  },
  "orders" : {
    "904406530" : {
      "16-09-2018-14-58" : {
        "-LMXTHsblBmV4gBv1Cao" : {
          "deleiveryname" : "Mmmmmmm",
          "delivery_date" : "23/09/2018",
          "deliveryaddress" : "İnciraltı Mahallesi, İnciraltı Cd.",
          "deliveryemail" : "Mosz3r0@gmail.com",
          "deliverymobile_no" : "0904406",
          "deliverypincode" : "3533069",
          "no_of_items" : "1",
          "orderid" : "160920181458",
          "payment_mode" : "COD",
          "placed_user_email" : "Mosz3r0@gmail.com",
          "placed_user_mobile_no" : "904406530",
          "placed_user_name" : "Mosab",
          "total_amount" : "350.0"
        },
        "items" : {
          "-LMXTHshLAZojgdT2nGN" : {
            "message_body" : "Nnnn",
            "message_header" : "وَ nnnn\n",
            "no_of_items" : 1,
            "prdesc" : "some desc",
            "prid" : 88998,
            "primage" : "https://encrypted-tbn3.gstatic.com/shopping?q=tbn:ANd9GcR7cuqozYGH0LsAmj5qqYJ3MZ0pZGv8x7CYxk6UVNIyNZahx2iDzp2u4WfNb3tqRuPLVmixWr8&usqp=CAc",
            "prname" : "panda tshirt",
            "prprice" : "350.0",
            "useremail" : "Mosz3r0@gmail.com",
            "usermobile" : "904406530"
          }
        }
      },
      "20-09-2018-22-56" : {
        "-LMslPiO_zdirJVxNpZf" : {
          "deleiveryname" : "Mosab\n",
          "delivery_date" : "27/09/2018",
          "deliveryaddress" : "İnciraltı Mahallesi, İnciraltı Cd.",
          "deliveryemail" : "mosz3r0@gmail.com",
          "deliverymobile_no" : "92257826",
          "deliverypincode" : "353306",
          "no_of_items" : "1",
          "orderid" : "200920182256",
          "payment_mode" : "PayPal",
          "placed_user_email" : "Mosz3r0@gmail.com",
          "placed_user_mobile_no" : "904406530",
          "placed_user_name" : "Mosab",
          "total_amount" : "50.0"
        },
        "items" : {
          "-LMslPiSMm2omom4jhLp" : {
            "message_body" : "Heeelp",
            "message_header" : "Pleeeease",
            "no_of_items" : 1,
            "prdesc" : "My custom Buisness Card",
            "prid" : 1024,
            "primage" : "https://cmkt-image-prd.global.ssl.fastly.net/0.1.0/ps/11838/580/386/m1/fpnw/wm0/01_preview-.jpg?1364461998&s=edb663e60bfbb4e77567f470d0805152",
            "prname" : "Buisness Card",
            "prprice" : "50.0",
            "useremail" : "Mosz3r0@gmail.com",
            "usermobile" : "904406530"
          }
        }
      }
    },
    "7206017272" : {
      "12-07-2018-12-48" : {
        "-LHCLrLRY3Nx53pQH2V8" : {
          "deleiveryname" : "nikhil",
          "delivery_date" : "19/07/2018",
          "deliveryaddress" : "hhbnn",
          "deliveryemail" : "chauhannikhil20@gmail.com",
          "deliverymobile_no" : "7206017272",
          "deliverypincode" : "131001",
          "no_of_items" : "1",
          "orderid" : "120720181248",
          "payment_mode" : "COD",
          "placed_user_email" : "chauhannikhil20@gmail.com",
          "placed_user_mobile_no" : "7206017272",
          "placed_user_name" : "nikhil chauhan",
          "total_amount" : "40.0"
        },
        "items" : {
          "-LHCLrLe5uNpkf3RhLr_" : {
            "message_body" : "j",
            "message_header" : "u",
            "no_of_items" : 1,
            "prdesc" : "Custom Printed Company's Pen",
            "prid" : 9601,
            "primage" : "https://encrypted-tbn0.gstatic.com/images?q=tbn:ANd9GcRRQRPgSJR41rEkwrmUPudPR7a0oFV4axWt_FSrJF1SB_8mLYdb",
            "prname" : "Pens Set",
            "prprice" : "40.0",
            "useremail" : "chauhannikhil20@gmail.com",
            "usermobile" : "7206017272"
          }
        }
      },
      "12-07-2018-12-49" : {
        "-LHCLz__RAoD9_FrQm0g" : {
          "deleiveryname" : "nikhil",
          "delivery_date" : "19/07/2018",
          "deliveryaddress" : "njn",
          "deliveryemail" : "chauhannikhil20@gmail.com",
          "deliverymobile_no" : "7206017272",
          "deliverypincode" : "131001",
          "no_of_items" : "1",
          "orderid" : "120720181249",
          "payment_mode" : "Paytm",
          "placed_user_email" : "chauhannikhil20@gmail.com",
          "placed_user_mobile_no" : "7206017272",
          "placed_user_name" : "nikhil chauhan",
          "total_amount" : "550.0"
        },
        "items" : {
          "-LHCLz_fhPeCn8UvbVID" : {
            "message_body" : "j",
            "message_header" : "j",
            "no_of_items" : 1,
            "prdesc" : "Your company's official tshirt",
            "prid" : 6547,
            "primage" : "https://encrypted-tbn0.gstatic.com/images?q=tbn:ANd9GcQ-aiTSHsONvhK-h6vYCEQhQXzK-35foEla0qkVPNw8IBhLyrpt",
            "prname" : "Custom Tshirt",
            "prprice" : "550.0",
            "useremail" : "chauhannikhil20@gmail.com",
            "usermobile" : "7206017272"
          }
        }
      }
    },
    "7719846014" : {
      "23-08-2018-12-53" : {
        "-LK_gdgsYHjXevgzqR05" : {
          "deleiveryname" : "mahesh",
          "delivery_date" : "30/08/2018",
          "deliveryaddress" : "amanora chamber, pune",
          "deliveryemail" : "mahesh@gmail.com",
          "deliverymobile_no" : "77198460",
          "deliverypincode" : "411002",
          "no_of_items" : "1",
          "orderid" : "230820181253",
          "payment_mode" : "Paytm",
          "placed_user_email" : "mahesh@gmail.com",
          "placed_user_mobile_no" : "7719846014",
          "placed_user_name" : "Mahesh",
          "total_amount" : "550.0"
        },
        "items" : {
          "-LK_gdhB7EbDCpAjTBuO" : {
            "message_body" : "hello",
            "message_header" : "hii",
            "no_of_items" : 1,
            "prdesc" : "Your company's official tshirt",
            "prid" : 6547,
            "primage" : "https://encrypted-tbn0.gstatic.com/images?q=tbn:ANd9GcQ-aiTSHsONvhK-h6vYCEQhQXzK-35foEla0qkVPNw8IBhLyrpt",
            "prname" : "Custom Tshirt",
            "prprice" : "550.0",
            "useremail" : "mahesh@gmail.com",
            "usermobile" : "7719846014"
          }
        }
      }
    },
    "7972327614" : {
      "12-02-2018-21-09" : {
        "-L59fadRNtFExqrrrt7W" : {
          "deleiveryname" : "Demo test",
          "delivery_date" : "19/02/2018",
          "deliveryaddress" : "gshsjsgusuusjs",
          "deliveryemail" : "abc@gmail.com",
          "deliverymobile_no" : "256398",
          "deliverypincode" : "4449659635",
          "no_of_items" : "2",
          "orderid" : "120220182109",
          "payment_mode" : "PayPal",
          "placed_user_email" : "osjoshi_23@yahoo.com",
          "placed_user_mobile_no" : "7972327614",
          "placed_user_name" : "O S J",
          "total_amount" : "470.0"
        },
        "items" : {
          "-L59fadhCbqCk6buAhGT" : {
            "message_body" : "hgffgh",
            "message_header" : "errt",
            "no_of_items" : 1,
            "prdesc" : "Custom printed Named Keychain",
            "prid" : 3578,
            "primage" : "https://encrypted-tbn1.gstatic.com/images?q=tbn:ANd9GcS6MA0XqYddB4cZjZ2g-InqhdkaI5vO3UOB3RxtVRph_kKh0OAgAGDsrZXz",
            "prname" : "Your Keychain",
            "prprice" : "120.0",
            "useremail" : "osjoshi_23@yahoo.com",
            "usermobile" : "7972327614"
          },
          "-L59fadj8Go9RukUOosj" : {
            "message_body" : "tshirt",
            "message_header" : "panda",
            "no_of_items" : 1,
            "prdesc" : "some desc",
            "prid" : 88998,
            "primage" : "https://encrypted-tbn3.gstatic.com/shopping?q=tbn:ANd9GcR7cuqozYGH0LsAmj5qqYJ3MZ0pZGv8x7CYxk6UVNIyNZahx2iDzp2u4WfNb3tqRuPLVmixWr8&usqp=CAc",
            "prname" : "panda tshirt",
            "prprice" : "350.0",
            "useremail" : "osjoshi_23@yahoo.com",
            "usermobile" : "7972327614"
          }
        }
      },
      "24-03-2018-17-59" : {
        "-L8MzBwPCeqebKv0QcS9" : {
          "deleiveryname" : "chh hhhh",
          "delivery_date" : "31/03/2018",
          "deliveryaddress" : "dghhjjnvvhjj",
          "deliveryemail" : "isjo@yahoo.com",
          "deliverymobile_no" : "865932",
          "deliverypincode" : "456789",
          "no_of_items" : "3",
          "orderid" : "240320181759",
          "payment_mode" : "PayPal",
          "placed_user_email" : "osjoshi_23@yahoo.com",
          "placed_user_mobile_no" : "7972327614",
          "placed_user_name" : "O S J",
          "total_amount" : "3200.0"
        },
        "items" : {
          "-L8MzBwdVluMVmZc3q6m" : {
            "message_body" : "tyyyuu",
            "message_header" : "tttyyu",
            "no_of_items" : 1,
            "prdesc" : "some desc",
            "prid" : 88998,
            "primage" : "https://encrypted-tbn3.gstatic.com/shopping?q=tbn:ANd9GcR7cuqozYGH0LsAmj5qqYJ3MZ0pZGv8x7CYxk6UVNIyNZahx2iDzp2u4WfNb3tqRuPLVmixWr8&usqp=CAc",
            "prname" : "panda tshirt",
            "prprice" : "350.0",
            "useremail" : "osjoshi_23@yahoo.com",
            "usermobile" : "7972327614"
          },
          "-L8MzBweKrGI_dxDZUBs" : {
            "message_body" : "hdjdjd",
            "message_header" : "hdjjdjd",
            "no_of_items" : 1,
            "prdesc" : "Your company's official tshirt",
            "prid" : 6547,
            "primage" : "https://encrypted-tbn0.gstatic.com/images?q=tbn:ANd9GcQ-aiTSHsONvhK-h6vYCEQhQXzK-35foEla0qkVPNw8IBhLyrpt",
            "prname" : "Custom Tshirt",
            "prprice" : "550.0",
            "useremail" : "osjoshi_23@yahoo.com",
            "usermobile" : "7972327614"
          },
          "-L8MzBweKrGI_dxDZUBt" : {
            "message_body" : "acts cdac",
            "message_header" : "pg dmc",
            "no_of_items" : 1,
            "prdesc" : "Custom Paper bag for placing light items",
            "prid" : 2094,
            "primage" : "https://thumbs.dreamstime.com/b/white-paper-shopping-bag-isolated-white-clipping-path-42098689.jpg",
            "prname" : "Paper Bag",
            "prprice" : "2300.0",
            "useremail" : "osjoshi_23@yahoo.com",
            "usermobile" : "7972327614"
          }
        }
      },
      "24-03-2018-18-33" : {
        "-L8N6PhkdcLGAQRlWFBu" : {
          "deleiveryname" : "jjkghkdhgkd",
          "delivery_date" : "31/03/2018",
          "deliveryaddress" : "ggvgvhggcgfnnbn ",
          "deliveryemail" : "jhdfg@hhj.com",
          "deliverymobile_no" : "2453691478",
          "deliverypincode" : "245369",
          "no_of_items" : "1",
          "orderid" : "240320181833",
          "payment_mode" : "Paytm",
          "placed_user_email" : "osjoshi_23@yahoo.com",
          "placed_user_mobile_no" : "7972327614",
          "placed_user_name" : "O S J",
          "total_amount" : "260.0"
        },
        "items" : {
          "-L8N6PiQfJio2R-C9w-C" : {
            "message_body" : "cvbsvbfbv",
            "message_header" : "jkekaja",
            "no_of_items" : 1,
            "prdesc" : "Custom Printed Calendar for 2018",
            "prid" : 2580,
            "primage" : "https://encrypted-tbn1.gstatic.com/images?q=tbn:ANd9GcQKrEsNakXVzDERHFBuCR5J_HmybxNxDu4BTamHth80kXKFNXI5Nw",
            "prname" : "Your Calendar",
            "prprice" : "260.0",
            "useremail" : "osjoshi_23@yahoo.com",
            "usermobile" : "7972327614"
          }
        }
      }
    },
    "9005367937" : {
      "05-02-2018-17-06" : {
        "-L4_kKHD_PLqvLjHQG8K" : {
          "deleiveryname" : "hshsbs",
          "delivery_date" : "12/02/2018",
          "deliveryaddress" : "vsvzbzvsh",
          "deliveryemail" : "gshsh@bsb.com",
          "deliverymobile_no" : "646464",
          "deliverypincode" : "499449",
          "no_of_items" : "3",
          "orderid" : "050220181706",
          "payment_mode" : "COD",
          "placed_user_email" : "singh_kshitij@yahoo.com",
          "placed_user_mobile_no" : "9005367937",
          "placed_user_name" : "Kshitij Singh",
          "total_amount" : "150.0"
        },
        "items" : {
          "-L4_kKHiMR0g0NKSPrFI" : {
            "message_body" : "hshdh",
            "message_header" : "hshdhd",
            "no_of_items" : 3,
            "prdesc" : "My custom Buisness Card",
            "prid" : 1024,
            "primage" : "https://cmkt-image-prd.global.ssl.fastly.net/0.1.0/ps/11838/580/386/m1/fpnw/wm0/01_preview-.jpg?1364461998&s=edb663e60bfbb4e77567f470d0805152",
            "prname" : "Buisness Card",
            "prprice" : "50.0",
            "useremail" : "singh_kshitij@yahoo.com",
            "usermobile" : "9005367937"
          }
        }
      },
      "30-01-2018-22-09" : {
        "-L46w23XmjHICeMiPsrW" : {
          "deleiveryname" : "ghh",
          "delivery_date" : "06/02/2018",
          "deliveryaddress" : "ccvvvb",
          "deliveryemail" : "fghbb@van.com",
          "deliverymobile_no" : "2589",
          "deliverypincode" : "8899899",
          "no_of_items" : "5",
          "orderid" : "300120182209",
          "payment_mode" : "Paytm",
          "placed_user_email" : "singh_kshitij@yahoo.com",
          "placed_user_mobile_no" : "9005367937",
          "placed_user_name" : "Kshitij Singh",
          "total_amount" : "250.0"
        },
        "items" : {
          "-L46w23nIacvi-qRysq-" : {
            "message_body" : "gzhzbs",
            "message_header" : "vsbsb",
            "no_of_items" : 5,
            "prdesc" : "My custom Buisness Card",
            "prid" : 1024,
            "primage" : "https://cmkt-image-prd.global.ssl.fastly.net/0.1.0/ps/11838/580/386/m1/fpnw/wm0/01_preview-.jpg?1364461998&s=edb663e60bfbb4e77567f470d0805152",
            "prname" : "Buisness Card",
            "prprice" : "50.0",
            "useremail" : "singh_kshitij@yahoo.com",
            "usermobile" : "9005367937"
          }
        }
      },
      "31-01-2018-15-53" : {
        "-L4AjhXqfblg2uB93xpu" : {
          "deleiveryname" : "tuuu",
          "delivery_date" : "07/02/2018",
          "deliveryaddress" : "ffyyy",
          "deliveryemail" : "gggy@bx.ckm",
          "deliverymobile_no" : "56333",
          "deliverypincode" : "556355",
          "no_of_items" : "7",
          "orderid" : "310120181553",
          "payment_mode" : "Paytm",
          "placed_user_email" : "singh_kshitij@yahoo.com",
          "placed_user_mobile_no" : "9005367937",
          "placed_user_name" : "Kshitij Singh",
          "total_amount" : "1550.0"
        },
        "items" : {
          "-L4AjhXyGBTuLPqPGSDW" : {
            "message_body" : "ggsgs",
            "message_header" : "vsbsbs",
            "no_of_items" : 3,
            "prdesc" : "My custom Buisness Card",
            "prid" : 1024,
            "primage" : "https://cmkt-image-prd.global.ssl.fastly.net/0.1.0/ps/11838/580/386/m1/fpnw/wm0/01_preview-.jpg?1364461998&s=edb663e60bfbb4e77567f470d0805152",
            "prname" : "Buisness Card",
            "prprice" : "50.0",
            "useremail" : "singh_kshitij@yahoo.com",
            "usermobile" : "9005367937"
          },
          "-L4AjhY0Av2rmICY8GjA" : {
            "message_body" : "gftf",
            "message_header" : "guiu",
            "no_of_items" : 4,
            "prdesc" : "some desc",
            "prid" : 88998,
            "primage" : "https://encrypted-tbn3.gstatic.com/shopping?q=tbn:ANd9GcR7cuqozYGH0LsAmj5qqYJ3MZ0pZGv8x7CYxk6UVNIyNZahx2iDzp2u4WfNb3tqRuPLVmixWr8&usqp=CAc",
            "prname" : "panda tshirt",
            "prprice" : "350.0",
            "useremail" : "singh_kshitij@yahoo.com",
            "usermobile" : "9005367937"
          }
        }
      },
      "31-01-2018-16-27" : {
        "-L4AraFRJSPK98d0sZWd" : {
          "deleiveryname" : "ghnd",
          "delivery_date" : "07/02/2018",
          "deliveryaddress" : "ghsjd",
          "deliveryemail" : "vavjs@hsh.con",
          "deliverymobile_no" : "900538",
          "deliverypincode" : "525454",
          "no_of_items" : "5",
          "orderid" : "310120181627",
          "payment_mode" : "Paytm",
          "placed_user_email" : "singh_kshitij@yahoo.com",
          "placed_user_mobile_no" : "9005367937",
          "placed_user_name" : "Kshitij Singh",
          "total_amount" : "510.0"
        },
        "items" : {
          "-L4AraFYuZpqHGcwxlm1" : {
            "message_body" : "dghn",
            "message_header" : "fhjj",
            "no_of_items" : 1,
            "prdesc" : "some desc",
            "prid" : 88998,
            "primage" : "https://encrypted-tbn3.gstatic.com/shopping?q=tbn:ANd9GcR7cuqozYGH0LsAmj5qqYJ3MZ0pZGv8x7CYxk6UVNIyNZahx2iDzp2u4WfNb3tqRuPLVmixWr8&usqp=CAc",
            "prname" : "panda tshirt",
            "prprice" : "350.0",
            "useremail" : "singh_kshitij@yahoo.com",
            "usermobile" : "9005367937"
          },
          "-L4AraFaNMfIJGJkw_sg" : {
            "message_body" : "xvbn",
            "message_header" : "cvh",
            "no_of_items" : 4,
            "prdesc" : "Custom Printed Company's Pen",
            "prid" : 9601,
            "primage" : "https://encrypted-tbn0.gstatic.com/images?q=tbn:ANd9GcRRQRPgSJR41rEkwrmUPudPR7a0oFV4axWt_FSrJF1SB_8mLYdb",
            "prname" : "Pens Set",
            "prprice" : "40.0",
            "useremail" : "singh_kshitij@yahoo.com",
            "usermobile" : "9005367937"
          }
        }
      }
    },
    "9009835278" : {
      "08-02-2018-23-28" : {
        "-L4qZcntDEwc-fQBXMvH" : {
          "deleiveryname" : "rhh",
          "delivery_date" : "15/02/2018",
          "deliveryaddress" : "de ghgjv",
          "deliveryemail" : "fdbb@fh.com",
          "deliverymobile_no" : "258096",
          "deliverypincode" : "258095",
          "no_of_items" : "2",
          "orderid" : "080220182328",
          "payment_mode" : "Paytm",
          "placed_user_email" : "sohinisarkar28995@gmail.com",
          "placed_user_mobile_no" : "9009835278",
          "placed_user_name" : "Sohini Sarkar",
          "total_amount" : "100.0"
        },
        "items" : {
          "-L4qZcnyjnBwG-kkdosH" : {
            "message_body" : "de gb",
            "message_header" : "fehb",
            "no_of_items" : 1,
            "prdesc" : "My custom Buisness Card",
            "prid" : 1024,
            "primage" : "https://cmkt-image-prd.global.ssl.fastly.net/0.1.0/ps/11838/580/386/m1/fpnw/wm0/01_preview-.jpg?1364461998&s=edb663e60bfbb4e77567f470d0805152",
            "prname" : "Buisness Card",
            "prprice" : "50.0",
            "useremail" : "sohinisarkar28995@gmail.com",
            "usermobile" : "9009835278"
          },
          "-L4qZco-cKvcpDaz0VPD" : {
            "message_body" : "de gb",
            "message_header" : "fehb",
            "no_of_items" : 1,
            "prdesc" : "My custom Buisness Card",
            "prid" : 1024,
            "primage" : "https://cmkt-image-prd.global.ssl.fastly.net/0.1.0/ps/11838/580/386/m1/fpnw/wm0/01_preview-.jpg?1364461998&s=edb663e60bfbb4e77567f470d0805152",
            "prname" : "Buisness Card",
            "prprice" : "50.0",
            "useremail" : "sohinisarkar28995@gmail.com",
            "usermobile" : "9009835278"
          }
        }
      },
      "30-01-2018-18-14" : {
        "-L465X_WpNmPnUTkcpRr" : {
          "deleiveryname" : "hdnxn",
          "delivery_date" : "06/02/2018",
          "deliveryaddress" : "vxbxb",
          "deliveryemail" : "vxxbnc@vxh.hx",
          "deliverymobile_no" : "398987",
          "deliverypincode" : "9989866",
          "no_of_items" : "6",
          "orderid" : "300120181814",
          "payment_mode" : "Paytm",
          "placed_user_email" : "sohinisarkar28995@gmail.com",
          "placed_user_mobile_no" : "9009835278",
          "placed_user_name" : "Shining Sarkar",
          "total_amount" : "10300.0"
        },
        "items" : {
          "-L465X_msknJF2Ctbehs" : {
            "message_body" : "chhj",
            "message_header" : "fgghh",
            "no_of_items" : 4,
            "prdesc" : "Custom Paper bag for placing light items",
            "prid" : 2094,
            "primage" : "https://thumbs.dreamstime.com/b/white-paper-shopping-bag-isolated-white-clipping-path-42098689.jpg",
            "prname" : "Paper Bag",
            "prprice" : "2300.0",
            "useremail" : "sohinisarkar28995@gmail.com",
            "usermobile" : "9009835278"
          },
          "-L465X_oy7blI9EXtLVj" : {
            "message_body" : "fvgjj",
            "message_header" : "vhh",
            "no_of_items" : 2,
            "prdesc" : "Your company's official tshirt",
            "prid" : 6547,
            "primage" : "https://encrypted-tbn0.gstatic.com/images?q=tbn:ANd9GcQ-aiTSHsONvhK-h6vYCEQhQXzK-35foEla0qkVPNw8IBhLyrpt",
            "prname" : "Custom Tshirt",
            "prprice" : "550.0",
            "useremail" : "sohinisarkar28995@gmail.com",
            "usermobile" : "9009835278"
          }
        }
      }
    },
    "9607652372" : {
      "04-05-2018-16-05" : {
        "-LBeiOpobLgiOWXMpJkR" : {
          "deleiveryname" : "vhdj",
          "delivery_date" : "11/05/2018",
          "deliveryaddress" : "gdss",
          "deliveryemail" : "dbdnd@bns.ckm",
          "deliverymobile_no" : "549496",
          "deliverypincode" : "2299649",
          "no_of_items" : "12",
          "orderid" : "040520181605",
          "payment_mode" : "Paytm",
          "placed_user_email" : "manishakadam8547@gmail.com",
          "placed_user_mobile_no" : "9607652372",
          "placed_user_name" : "manisha kadam",
          "total_amount" : "8100.0"
        },
        "items" : {
          "-LBeiOpxuXdyTU-4dRV0" : {
            "message_body" : "dfg",
            "message_header" : "sc",
            "no_of_items" : 1,
            "prdesc" : "Custom Paper bag for placing light items",
            "prid" : 2094,
            "primage" : "https://thumbs.dreamstime.com/b/white-paper-shopping-bag-isolated-white-clipping-path-42098689.jpg",
            "prname" : "Paper Bag",
            "prprice" : "2300.0",
            "useremail" : "manishakadam8547@gmail.com",
            "usermobile" : "9607652372"
          },
          "-LBeiOpznqaxbzTcqfc3" : {
            "message_body" : "dfg",
            "message_header" : "sc",
            "no_of_items" : 1,
            "prdesc" : "Custom Paper bag for placing light items",
            "prid" : 2094,
            "primage" : "https://thumbs.dreamstime.com/b/white-paper-shopping-bag-isolated-white-clipping-path-42098689.jpg",
            "prname" : "Paper Bag",
            "prprice" : "2300.0",
            "useremail" : "manishakadam8547@gmail.com",
            "usermobile" : "9607652372"
          },
          "-LBeiOq06e13uTEql3k1" : {
            "message_body" : "dfg",
            "message_header" : "v",
            "no_of_items" : 4,
            "prdesc" : "My custom Buisness Card",
            "prid" : 1024,
            "primage" : "https://cmkt-image-prd.global.ssl.fastly.net/0.1.0/ps/11838/580/386/m1/fpnw/wm0/01_preview-.jpg?1364461998&s=edb663e60bfbb4e77567f470d0805152",
            "prname" : "Buisness Card",
            "prprice" : "50.0",
            "useremail" : "manishakadam8547@gmail.com",
            "usermobile" : "9607652372"
          },
          "-LBeiOq2m1cB4RQxNJIX" : {
            "message_body" : "tgj",
            "message_header" : "tg",
            "no_of_items" : 6,
            "prdesc" : "Your company's official tshirt",
            "prid" : 6547,
            "primage" : "https://encrypted-tbn0.gstatic.com/images?q=tbn:ANd9GcQ-aiTSHsONvhK-h6vYCEQhQXzK-35foEla0qkVPNw8IBhLyrpt",
            "prname" : "Custom Tshirt",
            "prprice" : "550.0",
            "useremail" : "manishakadam8547@gmail.com",
            "usermobile" : "9607652372"
          }
        }
      },
      "04-05-2018-19-59" : {
        "-LBfYhrzp_x03E5gz4D9" : {
          "deleiveryname" : "vabab",
          "delivery_date" : "11/05/2018",
          "deliveryaddress" : "vsbsbs",
          "deliveryemail" : "vsbs@bss.com",
          "deliverymobile_no" : "9494945",
          "deliverypincode" : "849494",
          "no_of_items" : "5",
          "orderid" : "040520181959",
          "payment_mode" : "Paytm",
          "placed_user_email" : "manishakadam8547@gmail.com",
          "placed_user_mobile_no" : "9607652372",
          "placed_user_name" : "manisha kadam",
          "total_amount" : "240.0"
        },
        "items" : {
          "-LBfYhs2zoOslPO9Zl-V" : {
            "message_body" : "vs",
            "message_header" : "vsvs",
            "no_of_items" : 1,
            "prdesc" : "Custom Printed Company's Pen",
            "prid" : 9601,
            "primage" : "https://encrypted-tbn0.gstatic.com/images?q=tbn:ANd9GcRRQRPgSJR41rEkwrmUPudPR7a0oFV4axWt_FSrJF1SB_8mLYdb",
            "prname" : "Pens Set",
            "prprice" : "40.0",
            "useremail" : "manishakadam8547@gmail.com",
            "usermobile" : "9607652372"
          },
          "-LBfYhs3VDAoL954L68E" : {
            "message_body" : "ffg",
            "message_header" : "fgg",
            "no_of_items" : 4,
            "prdesc" : "My custom Buisness Card",
            "prid" : 1024,
            "primage" : "https://cmkt-image-prd.global.ssl.fastly.net/0.1.0/ps/11838/580/386/m1/fpnw/wm0/01_preview-.jpg?1364461998&s=edb663e60bfbb4e77567f470d0805152",
            "prname" : "Buisness Card",
            "prprice" : "50.0",
            "useremail" : "manishakadam8547@gmail.com",
            "usermobile" : "9607652372"
          }
        }
      },
      "06-02-2018-19-16" : {
        "-L4fMk3hBCz4410zMVoj" : {
          "deleiveryname" : "bjkkhhh",
          "delivery_date" : "13/02/2018",
          "deliveryaddress" : "vjji",
          "deliveryemail" : "gbj@yjj.com",
          "deliverymobile_no" : "896555",
          "deliverypincode" : "856668",
          "no_of_items" : "1",
          "orderid" : "060220181916",
          "payment_mode" : "Paytm",
          "placed_user_email" : "manishakadam8547@gmail.com",
          "placed_user_mobile_no" : "9607652372",
          "placed_user_name" : "manisha kadam",
          "total_amount" : "50.0"
        },
        "items" : {
          "-L4fMk3nE4wuU1RnVBne" : {
            "message_body" : "Dvyf ",
            "message_header" : "dF",
            "no_of_items" : 1,
            "prdesc" : "My custom Buisness Card",
            "prid" : 1024,
            "primage" : "https://cmkt-image-prd.global.ssl.fastly.net/0.1.0/ps/11838/580/386/m1/fpnw/wm0/01_preview-.jpg?1364461998&s=edb663e60bfbb4e77567f470d0805152",
            "prname" : "Buisness Card",
            "prprice" : "50.0",
            "useremail" : "manishakadam8547@gmail.com",
            "usermobile" : "9607652372"
          }
        }
      },
      "21-04-2018-15-30" : {
        "-LAbdiC6-2LtAlZKe8eo" : {
          "deleiveryname" : "manisha",
          "delivery_date" : "28/04/2018",
          "deliveryaddress" : "mananaj",
          "deliveryemail" : "manishakadam8547@gmail.com",
          "deliverymobile_no" : "909666",
          "deliverypincode" : "9494404040",
          "no_of_items" : "5",
          "orderid" : "210420181530",
          "payment_mode" : "PayPal",
          "placed_user_email" : "manishakadam8547@gmail.com",
          "placed_user_mobile_no" : "9607652372",
          "placed_user_name" : "manisha kadam",
          "total_amount" : "11500.0"
        },
        "items" : {
          "-LAbdiCJntTNlHxiS6Mu" : {
            "message_body" : "byhk",
            "message_header" : "gtj",
            "no_of_items" : 5,
            "prdesc" : "Custom Paper bag for placing light items",
            "prid" : 2094,
            "primage" : "https://thumbs.dreamstime.com/b/white-paper-shopping-bag-isolated-white-clipping-path-42098689.jpg",
            "prname" : "Paper Bag",
            "prprice" : "2300.0",
            "useremail" : "manishakadam8547@gmail.com",
            "usermobile" : "9607652372"
          }
        }
      },
      "23-03-2018-11-18" : {
        "-L8GQB8FDUGramiZqEvX" : {
          "deleiveryname" : "manisha",
          "delivery_date" : "30/03/2018",
          "deliveryaddress" : "ghjkkb",
          "deliveryemail" : "manishakadam8547@gmail.com",
          "deliverymobile_no" : "909666",
          "deliverypincode" : "85623147",
          "no_of_items" : "1",
          "orderid" : "230320181118",
          "payment_mode" : "Paytm",
          "placed_user_email" : "manishakadam8547@gmail.com",
          "placed_user_mobile_no" : "9607652372",
          "placed_user_name" : "manisha kadam",
          "total_amount" : "350.0"
        },
        "items" : {
          "-L8GQB8MSRCwmmWO29_b" : {
            "message_body" : "pandii",
            "message_header" : "panda",
            "no_of_items" : 1,
            "prdesc" : "some desc",
            "prid" : 88998,
            "primage" : "https://encrypted-tbn3.gstatic.com/shopping?q=tbn:ANd9GcR7cuqozYGH0LsAmj5qqYJ3MZ0pZGv8x7CYxk6UVNIyNZahx2iDzp2u4WfNb3tqRuPLVmixWr8&usqp=CAc",
            "prname" : "panda tshirt",
            "prprice" : "350.0",
            "useremail" : "manishakadam8547@gmail.com",
            "usermobile" : "9607652372"
          }
        }
      },
      "23-03-2018-11-26" : {
        "-L8GQYAIi-VBo6e3TpYu" : {
          "deleiveryname" : "bhcgjvj jv",
          "delivery_date" : "30/03/2018",
          "deliveryaddress" : "hdhccu",
          "deliveryemail" : "vhj@gmail.com",
          "deliverymobile_no" : "838605",
          "deliverypincode" : "8523697",
          "no_of_items" : "1",
          "orderid" : "230320181126",
          "payment_mode" : "COD",
          "placed_user_email" : "manishakadam8547@gmail.com",
          "placed_user_mobile_no" : "9607652372",
          "placed_user_name" : "manisha kadam",
          "total_amount" : "350.0"
        },
        "items" : {
          "-L8GQYAJMPgWbTfZIp6e" : {
            "message_body" : "cg",
            "message_header" : "cgh",
            "no_of_items" : 1,
            "prdesc" : "some desc",
            "prid" : 88998,
            "primage" : "https://encrypted-tbn3.gstatic.com/shopping?q=tbn:ANd9GcR7cuqozYGH0LsAmj5qqYJ3MZ0pZGv8x7CYxk6UVNIyNZahx2iDzp2u4WfNb3tqRuPLVmixWr8&usqp=CAc",
            "prname" : "panda tshirt",
            "prprice" : "350.0",
            "useremail" : "manishakadam8547@gmail.com",
            "usermobile" : "9607652372"
          }
        }
      }
    },
    "9988776655" : {
      "28-05-2018-23-10" : {
        "-LDbpc79gYNMcPce-Mgm" : {
          "deleiveryname" : "haja",
          "delivery_date" : "04/06/2018",
          "deliveryaddress" : "hahahay",
          "deliveryemail" : "help.techbuzz@gmail.com",
          "deliverymobile_no" : "9988776655",
          "deliverypincode" : "243003",
          "no_of_items" : "4",
          "orderid" : "280520182310",
          "payment_mode" : "COD",
          "placed_user_email" : "help.techbuzz@gmail.com",
          "placed_user_mobile_no" : "9988776655",
          "placed_user_name" : "test",
          "total_amount" : "550.0"
        },
        "items" : {
          "-LDbpc7a3l2KZobKfTlH" : {
            "message_body" : "hahsh",
            "message_header" : "hshsh",
            "no_of_items" : 1,
            "prdesc" : "some desc",
            "prid" : 88998,
            "primage" : "https://encrypted-tbn3.gstatic.com/shopping?q=tbn:ANd9GcR7cuqozYGH0LsAmj5qqYJ3MZ0pZGv8x7CYxk6UVNIyNZahx2iDzp2u4WfNb3tqRuPLVmixWr8&usqp=CAc",
            "prname" : "panda tshirt",
            "prprice" : "350.0",
            "useremail" : "help.techbuzz@gmail.com",
            "usermobile" : "9988776655"
          },
          "-LDbpc7hNfU1QHns4PSW" : {
            "message_body" : "gwgsg",
            "message_header" : "ggags",
            "no_of_items" : 1,
            "prdesc" : "Custom Printed Company's Pen",
            "prid" : 9601,
            "primage" : "https://encrypted-tbn0.gstatic.com/images?q=tbn:ANd9GcRRQRPgSJR41rEkwrmUPudPR7a0oFV4axWt_FSrJF1SB_8mLYdb",
            "prname" : "Pens Set",
            "prprice" : "40.0",
            "useremail" : "help.techbuzz@gmail.com",
            "usermobile" : "9988776655"
          },
          "-LDbpc7nxOj_M-g5aWzd" : {
            "message_body" : "hh",
            "message_header" : "bbb",
            "no_of_items" : 1,
            "prdesc" : "Custom printed Named Keychain",
            "prid" : 3578,
            "primage" : "https://encrypted-tbn1.gstatic.com/images?q=tbn:ANd9GcS6MA0XqYddB4cZjZ2g-InqhdkaI5vO3UOB3RxtVRph_kKh0OAgAGDsrZXz",
            "prname" : "Your Keychain",
            "prprice" : "120.0",
            "useremail" : "help.techbuzz@gmail.com",
            "usermobile" : "9988776655"
          },
          "-LDbpc7tH4DI_E8wgmOS" : {
            "message_body" : "hi",
            "message_header" : "hi",
            "no_of_items" : 1,
            "prdesc" : "Custom Printed Company's Pen",
            "prid" : 9601,
            "primage" : "https://encrypted-tbn0.gstatic.com/images?q=tbn:ANd9GcRRQRPgSJR41rEkwrmUPudPR7a0oFV4axWt_FSrJF1SB_8mLYdb",
            "prname" : "Pens Set",
            "prprice" : "40.0",
            "useremail" : "help.techbuzz@gmail.com",
            "usermobile" : "9988776655"
          }
        }
      }
    }
  },
  "wishlist" : {
    "904406530" : {
      "-LMU-L_0cR_6Ro2fiSZO" : {
        "message_body" : "",
        "message_header" : "",
        "no_of_items" : 1,
        "prdesc" : "My custom Buisness Card",
        "prid" : 1024,
        "primage" : "https://cmkt-image-prd.global.ssl.fastly.net/0.1.0/ps/11838/580/386/m1/fpnw/wm0/01_preview-.jpg?1364461998&s=edb663e60bfbb4e77567f470d0805152",
        "prname" : "Buisness Card",
        "prprice" : "50.0",
        "useremail" : "Mosz3r0@gmail.com",
        "usermobile" : "904406530"
      },
      "-LMU1l9C7tWq5TCOTqO6" : {
        "message_body" : "",
        "message_header" : "",
        "no_of_items" : 1,
        "prdesc" : "My custom Buisness Card",
        "prid" : 1024,
        "primage" : "https://cmkt-image-prd.global.ssl.fastly.net/0.1.0/ps/11838/580/386/m1/fpnw/wm0/01_preview-.jpg?1364461998&s=edb663e60bfbb4e77567f470d0805152",
        "prname" : "Buisness Card",
        "prprice" : "50.0",
        "useremail" : "Mosz3r0@gmail.com",
        "usermobile" : "904406530"
      },
      "-LMU1lYDd74JsuP4f7ji" : {
        "message_body" : "",
        "message_header" : "",
        "no_of_items" : 1,
        "prdesc" : "My custom Buisness Card",
        "prid" : 1024,
        "primage" : "https://cmkt-image-prd.global.ssl.fastly.net/0.1.0/ps/11838/580/386/m1/fpnw/wm0/01_preview-.jpg?1364461998&s=edb663e60bfbb4e77567f470d0805152",
        "prname" : "Buisness Card",
        "prprice" : "50.0",
        "useremail" : "Mosz3r0@gmail.com",
        "usermobile" : "904406530"
      },
      "-LMU1lr7SkaP3gMYiU4j" : {
        "message_body" : "",
        "message_header" : "",
        "no_of_items" : 1,
        "prdesc" : "My custom Buisness Card",
        "prid" : 1024,
        "primage" : "https://cmkt-image-prd.global.ssl.fastly.net/0.1.0/ps/11838/580/386/m1/fpnw/wm0/01_preview-.jpg?1364461998&s=edb663e60bfbb4e77567f470d0805152",
        "prname" : "Buisness Card",
        "prprice" : "50.0",
        "useremail" : "Mosz3r0@gmail.com",
        "usermobile" : "904406530"
      },
      "-LMU1m6UggMxtfuIyIqR" : {
        "message_body" : "",
        "message_header" : "",
        "no_of_items" : 1,
        "prdesc" : "My custom Buisness Card",
        "prid" : 1024,
        "primage" : "https://cmkt-image-prd.global.ssl.fastly.net/0.1.0/ps/11838/580/386/m1/fpnw/wm0/01_preview-.jpg?1364461998&s=edb663e60bfbb4e77567f470d0805152",
        "prname" : "Buisness Card",
        "prprice" : "50.0",
        "useremail" : "Mosz3r0@gmail.com",
        "usermobile" : "904406530"
      }
    },
    "0904406530" : {
      "-LMUHBck7Gi7MnIzKFmY" : {
        "message_body" : "",
        "message_header" : "",
        "no_of_items" : 1,
        "prdesc" : "Custom Paper bag for placing light items",
        "prid" : 2094,
        "primage" : "https://thumbs.dreamstime.com/b/white-paper-shopping-bag-isolated-white-clipping-path-42098689.jpg",
        "prname" : "Paper Bag",
        "prprice" : "2300.0",
        "useremail" : "Mosz3r0@gmail.com",
        "usermobile" : "0904406530"
      }
    },
    "1234567890" : {
      "-LJDtL_cIBRCEZbqxY65" : {
        "message_body" : "",
        "message_header" : "",
        "no_of_items" : 1,
        "prdesc" : "Custom printed Named Keychain",
        "prid" : 3578,
        "primage" : "https://encrypted-tbn1.gstatic.com/images?q=tbn:ANd9GcS6MA0XqYddB4cZjZ2g-InqhdkaI5vO3UOB3RxtVRph_kKh0OAgAGDsrZXz",
        "prname" : "Your Keychain",
        "prprice" : "120.0",
        "useremail" : "ianz@gmail.com",
        "usermobile" : "1234567890"
      },
      "-LJDtLpsCAvvBc4cq2Pb" : {
        "message_body" : "",
        "message_header" : "",
        "no_of_items" : 1,
        "prdesc" : "Custom printed Named Keychain",
        "prid" : 3578,
        "primage" : "https://encrypted-tbn1.gstatic.com/images?q=tbn:ANd9GcS6MA0XqYddB4cZjZ2g-InqhdkaI5vO3UOB3RxtVRph_kKh0OAgAGDsrZXz",
        "prname" : "Your Keychain",
        "prprice" : "120.0",
        "useremail" : "ianz@gmail.com",
        "usermobile" : "1234567890"
      },
      "-LJDtMGfi-pgFhk-6byR" : {
        "message_body" : "",
        "message_header" : "",
        "no_of_items" : 1,
        "prdesc" : "Custom printed Named Keychain",
        "prid" : 3578,
        "primage" : "https://encrypted-tbn1.gstatic.com/images?q=tbn:ANd9GcS6MA0XqYddB4cZjZ2g-InqhdkaI5vO3UOB3RxtVRph_kKh0OAgAGDsrZXz",
        "prname" : "Your Keychain",
        "prprice" : "120.0",
        "useremail" : "ianz@gmail.com",
        "usermobile" : "1234567890"
      }
    },
    "7276520718" : {
      "-L9OVeDpBXfhdp_Jxhpi" : {
        "message_body" : "",
        "message_header" : "",
        "no_of_items" : 2,
        "prdesc" : "Custom printed Named Keychain",
        "prid" : 3578,
        "primage" : "https://encrypted-tbn1.gstatic.com/images?q=tbn:ANd9GcS6MA0XqYddB4cZjZ2g-InqhdkaI5vO3UOB3RxtVRph_kKh0OAgAGDsrZXz",
        "prname" : "Your Keychain",
        "prprice" : "120.0",
        "useremail" : "uttams@outlook.com",
        "usermobile" : "7276520718"
      },
      "-L9OevQgUj33R-fsrImg" : {
        "message_body" : "",
        "message_header" : "",
        "no_of_items" : 1,
        "prdesc" : "Custom Paper bag for placing light items",
        "prid" : 2094,
        "primage" : "https://thumbs.dreamstime.com/b/white-paper-shopping-bag-isolated-white-clipping-path-42098689.jpg",
        "prname" : "Paper Bag",
        "prprice" : "2300.0",
        "useremail" : "uttams@outlook.com",
        "usermobile" : "7276520718"
      },
      "-L9OfHG_bmIGkVstVOih" : {
        "message_body" : "sjsjzj",
        "message_header" : "sjejxjx",
        "no_of_items" : 1,
        "prdesc" : "Custom printed Named Keychain",
        "prid" : 3578,
        "primage" : "https://encrypted-tbn1.gstatic.com/images?q=tbn:ANd9GcS6MA0XqYddB4cZjZ2g-InqhdkaI5vO3UOB3RxtVRph_kKh0OAgAGDsrZXz",
        "prname" : "Your Keychain",
        "prprice" : "120.0",
        "useremail" : "uttams@outlook.com",
        "usermobile" : "7276520718"
      },
      "-LASB4Zr_qPjY5ilv_93" : {
        "message_body" : "",
        "message_header" : "",
        "no_of_items" : 1,
        "prdesc" : "My custom Buisness Card",
        "prid" : 1024,
        "primage" : "https://cmkt-image-prd.global.ssl.fastly.net/0.1.0/ps/11838/580/386/m1/fpnw/wm0/01_preview-.jpg?1364461998&s=edb663e60bfbb4e77567f470d0805152",
        "prname" : "Buisness Card",
        "prprice" : "50.0",
        "useremail" : "uttams@outlook.com",
        "usermobile" : "7276520718"
      },
      "-LASB4m3ArbpIMrLb1FA" : {
        "message_body" : "",
        "message_header" : "",
        "no_of_items" : 1,
        "prdesc" : "My custom Buisness Card",
        "prid" : 1024,
        "primage" : "https://cmkt-image-prd.global.ssl.fastly.net/0.1.0/ps/11838/580/386/m1/fpnw/wm0/01_preview-.jpg?1364461998&s=edb663e60bfbb4e77567f470d0805152",
        "prname" : "Buisness Card",
        "prprice" : "50.0",
        "useremail" : "uttams@outlook.com",
        "usermobile" : "7276520718"
      },
      "-LASB4uosM1F_FWjalG8" : {
        "message_body" : "",
        "message_header" : "",
        "no_of_items" : 1,
        "prdesc" : "My custom Buisness Card",
        "prid" : 1024,
        "primage" : "https://cmkt-image-prd.global.ssl.fastly.net/0.1.0/ps/11838/580/386/m1/fpnw/wm0/01_preview-.jpg?1364461998&s=edb663e60bfbb4e77567f470d0805152",
        "prname" : "Buisness Card",
        "prprice" : "50.0",
        "useremail" : "uttams@outlook.com",
        "usermobile" : "7276520718"
      },
      "-LASB5-1nwUl37_xCTuB" : {
        "message_body" : "",
        "message_header" : "",
        "no_of_items" : 1,
        "prdesc" : "My custom Buisness Card",
        "prid" : 1024,
        "primage" : "https://cmkt-image-prd.global.ssl.fastly.net/0.1.0/ps/11838/580/386/m1/fpnw/wm0/01_preview-.jpg?1364461998&s=edb663e60bfbb4e77567f470d0805152",
        "prname" : "Buisness Card",
        "prprice" : "50.0",
        "useremail" : "uttams@outlook.com",
        "usermobile" : "7276520718"
      },
      "-LASB5C_2or5wjH-OW5D" : {
        "message_body" : "",
        "message_header" : "",
        "no_of_items" : 1,
        "prdesc" : "My custom Buisness Card",
        "prid" : 1024,
        "primage" : "https://cmkt-image-prd.global.ssl.fastly.net/0.1.0/ps/11838/580/386/m1/fpnw/wm0/01_preview-.jpg?1364461998&s=edb663e60bfbb4e77567f470d0805152",
        "prname" : "Buisness Card",
        "prprice" : "50.0",
        "useremail" : "uttams@outlook.com",
        "usermobile" : "7276520718"
      },
      "-LASB5VLwFeWJJEPJySd" : {
        "message_body" : "",
        "message_header" : "",
        "no_of_items" : 1,
        "prdesc" : "My custom Buisness Card",
        "prid" : 1024,
        "primage" : "https://cmkt-image-prd.global.ssl.fastly.net/0.1.0/ps/11838/580/386/m1/fpnw/wm0/01_preview-.jpg?1364461998&s=edb663e60bfbb4e77567f470d0805152",
        "prname" : "Buisness Card",
        "prprice" : "50.0",
        "useremail" : "uttams@outlook.com",
        "usermobile" : "7276520718"
      },
      "-LASB5dhwnD2jvPaRUn1" : {
        "message_body" : "",
        "message_header" : "",
        "no_of_items" : 1,
        "prdesc" : "My custom Buisness Card",
        "prid" : 1024,
        "primage" : "https://cmkt-image-prd.global.ssl.fastly.net/0.1.0/ps/11838/580/386/m1/fpnw/wm0/01_preview-.jpg?1364461998&s=edb663e60bfbb4e77567f470d0805152",
        "prname" : "Buisness Card",
        "prprice" : "50.0",
        "useremail" : "uttams@outlook.com",
        "usermobile" : "7276520718"
      },
      "-LASB5i3mJtg-Yw_POnp" : {
        "message_body" : "",
        "message_header" : "",
        "no_of_items" : 1,
        "prdesc" : "My custom Buisness Card",
        "prid" : 1024,
        "primage" : "https://cmkt-image-prd.global.ssl.fastly.net/0.1.0/ps/11838/580/386/m1/fpnw/wm0/01_preview-.jpg?1364461998&s=edb663e60bfbb4e77567f470d0805152",
        "prname" : "Buisness Card",
        "prprice" : "50.0",
        "useremail" : "uttams@outlook.com",
        "usermobile" : "7276520718"
      },
      "-LASB5ovvwsTQsSVBafp" : {
        "message_body" : "",
        "message_header" : "",
        "no_of_items" : 1,
        "prdesc" : "My custom Buisness Card",
        "prid" : 1024,
        "primage" : "https://cmkt-image-prd.global.ssl.fastly.net/0.1.0/ps/11838/580/386/m1/fpnw/wm0/01_preview-.jpg?1364461998&s=edb663e60bfbb4e77567f470d0805152",
        "prname" : "Buisness Card",
        "prprice" : "50.0",
        "useremail" : "uttams@outlook.com",
        "usermobile" : "7276520718"
      }
    },
    "7719846014" : {
      "-LKaDKnmUpruRZ1sJW9D" : {
        "message_body" : "",
        "message_header" : "",
        "no_of_items" : 1,
        "prdesc" : "My custom Buisness Card",
        "prid" : 1024,
        "primage" : "https://cmkt-image-prd.global.ssl.fastly.net/0.1.0/ps/11838/580/386/m1/fpnw/wm0/01_preview-.jpg?1364461998&s=edb663e60bfbb4e77567f470d0805152",
        "prname" : "Buisness Card",
        "prprice" : "50.0",
        "useremail" : "mahesh@gmail.com",
        "usermobile" : "7719846014"
      },
      "-LKaTgp8FbNAlyE_8YGa" : {
        "message_body" : "",
        "message_header" : "",
        "no_of_items" : 1,
        "prdesc" : "My custom Buisness Card",
        "prid" : 1024,
        "primage" : "https://cmkt-image-prd.global.ssl.fastly.net/0.1.0/ps/11838/580/386/m1/fpnw/wm0/01_preview-.jpg?1364461998&s=edb663e60bfbb4e77567f470d0805152",
        "prname" : "Buisness Card",
        "prprice" : "50.0",
        "useremail" : "mahesh@gmail.com",
        "usermobile" : "7719846014"
      }
    },
    "7972327614" : {
      "-L49ndR1-fyMsX5undJG" : {
        "message_body" : "",
        "message_header" : "",
        "no_of_items" : 1,
        "prdesc" : "some desc",
        "prid" : 88998,
        "primage" : "https://encrypted-tbn3.gstatic.com/shopping?q=tbn:ANd9GcR7cuqozYGH0LsAmj5qqYJ3MZ0pZGv8x7CYxk6UVNIyNZahx2iDzp2u4WfNb3tqRuPLVmixWr8&usqp=CAc",
        "prname" : "panda tshirt",
        "prprice" : "350.0",
        "useremail" : "osjoshi_23@yahoo.com",
        "usermobile" : "7972327614"
      }
    },
    "8543456789" : {
      "-LJSysjwUUodl1DjvSbt" : {
        "message_body" : "",
        "message_header" : "",
        "no_of_items" : 1,
        "prdesc" : "some desc",
        "prid" : 88998,
        "primage" : "https://encrypted-tbn3.gstatic.com/shopping?q=tbn:ANd9GcR7cuqozYGH0LsAmj5qqYJ3MZ0pZGv8x7CYxk6UVNIyNZahx2iDzp2u4WfNb3tqRuPLVmixWr8&usqp=CAc",
        "prname" : "panda tshirt",
        "prprice" : "350.0",
        "useremail" : "adde@gmail.com",
        "usermobile" : "8543456789"
      }
    },
    "8707415743" : {
      "-LEiWVcAdC-8y5FEU0c0" : {
        "message_body" : "",
        "message_header" : "",
        "no_of_items" : 1,
        "prdesc" : "Greetings",
        "prid" : 101,
        "primage" : "https://encrypted-tbn0.gstatic.com/images?q=tbn:ANd9GcSjnTQ-3339-90dn1jFWwvDOoQfhYFP8qptshVK4kJos9InIR6AzfoIjakusQ",
        "prname" : "Cards",
        "prprice" : "30.0",
        "useremail" : "devanshinagar@gmail.com",
        "usermobile" : "8707415743"
      },
      "-LEiWm6Cq7uUK4X2Oth2" : {
        "message_body" : "",
        "message_header" : "",
        "no_of_items" : 1,
        "prdesc" : "My custom Buisness Card",
        "prid" : 1024,
        "primage" : "https://cmkt-image-prd.global.ssl.fastly.net/0.1.0/ps/11838/580/386/m1/fpnw/wm0/01_preview-.jpg?1364461998&s=edb663e60bfbb4e77567f470d0805152",
        "prname" : "Buisness Card",
        "prprice" : "50.0",
        "useremail" : "devanshinagar@gmail.com",
        "usermobile" : "8707415743"
      },
      "-LFCCY7zHKmitc6AtuNF" : {
        "message_body" : "",
        "message_header" : "",
        "no_of_items" : 1,
        "prdesc" : "some desc",
        "prid" : 88998,
        "primage" : "https://encrypted-tbn3.gstatic.com/shopping?q=tbn:ANd9GcR7cuqozYGH0LsAmj5qqYJ3MZ0pZGv8x7CYxk6UVNIyNZahx2iDzp2u4WfNb3tqRuPLVmixWr8&usqp=CAc",
        "prname" : "panda tshirt",
        "prprice" : "350.0",
        "useremail" : "devanshinagar@gmail.com",
        "usermobile" : "8707415743"
      },
      "-LFCCYZOjAivIAbY23x_" : {
        "message_body" : "",
        "message_header" : "",
        "no_of_items" : 1,
        "prdesc" : "some desc",
        "prid" : 88998,
        "primage" : "https://encrypted-tbn3.gstatic.com/shopping?q=tbn:ANd9GcR7cuqozYGH0LsAmj5qqYJ3MZ0pZGv8x7CYxk6UVNIyNZahx2iDzp2u4WfNb3tqRuPLVmixWr8&usqp=CAc",
        "prname" : "panda tshirt",
        "prprice" : "350.0",
        "useremail" : "devanshinagar@gmail.com",
        "usermobile" : "8707415743"
      },
      "-LFCCZnplG7zs-o1fDed" : {
        "message_body" : "",
        "message_header" : "",
        "no_of_items" : 1,
        "prdesc" : "some desc",
        "prid" : 88998,
        "primage" : "https://encrypted-tbn3.gstatic.com/shopping?q=tbn:ANd9GcR7cuqozYGH0LsAmj5qqYJ3MZ0pZGv8x7CYxk6UVNIyNZahx2iDzp2u4WfNb3tqRuPLVmixWr8&usqp=CAc",
        "prname" : "panda tshirt",
        "prprice" : "350.0",
        "useremail" : "devanshinagar@gmail.com",
        "usermobile" : "8707415743"
      }
    },
    "9005367937" : {
      "-L49X8jtxUWRLPJtwVbc" : {
        "message_body" : "",
        "message_header" : "",
        "no_of_items" : 1,
        "prdesc" : "Custom Printed Company's Pen",
        "prid" : 9601,
        "primage" : "https://encrypted-tbn0.gstatic.com/images?q=tbn:ANd9GcRRQRPgSJR41rEkwrmUPudPR7a0oFV4axWt_FSrJF1SB_8mLYdb",
        "prname" : "Pens Set",
        "prprice" : "40.0",
        "useremail" : "singh_kshitij@yahoo.com",
        "usermobile" : "9005367937"
      },
      "-L4ArAwavh1SBe20x3dV" : {
        "message_body" : "",
        "message_header" : "",
        "no_of_items" : 1,
        "prdesc" : "some desc",
        "prid" : 88998,
        "primage" : "https://encrypted-tbn3.gstatic.com/shopping?q=tbn:ANd9GcR7cuqozYGH0LsAmj5qqYJ3MZ0pZGv8x7CYxk6UVNIyNZahx2iDzp2u4WfNb3tqRuPLVmixWr8&usqp=CAc",
        "prname" : "panda tshirt",
        "prprice" : "350.0",
        "useremail" : "singh_kshitij@yahoo.com",
        "usermobile" : "9005367937"
      }
    },
    "9009835278" : {
      "-L464r7znREhEX2TbvJ9" : {
        "message_body" : "",
        "message_header" : "",
        "no_of_items" : 4,
        "prdesc" : "Custom Paper bag for placing light items",
        "prid" : 2094,
        "primage" : "https://thumbs.dreamstime.com/b/white-paper-shopping-bag-isolated-white-clipping-path-42098689.jpg",
        "prname" : "Paper Bag",
        "prprice" : "2300.0",
        "useremail" : "sohinisarkar28995@gmail.com",
        "usermobile" : "9009835278"
      },
      "-L4qZ97EhG-AMUz9P6jr" : {
        "message_body" : "",
        "message_header" : "",
        "no_of_items" : 1,
        "prdesc" : "My custom Buisness Card",
        "prid" : 1024,
        "primage" : "https://cmkt-image-prd.global.ssl.fastly.net/0.1.0/ps/11838/580/386/m1/fpnw/wm0/01_preview-.jpg?1364461998&s=edb663e60bfbb4e77567f470d0805152",
        "prname" : "Buisness Card",
        "prprice" : "50.0",
        "useremail" : "sohinisarkar28995@gmail.com",
        "usermobile" : "9009835278"
      },
      "-L5qSD43gnWnhuA1Azkz" : {
        "message_body" : "",
        "message_header" : "",
        "no_of_items" : 1,
        "prdesc" : "My custom Buisness Card",
        "prid" : 1024,
        "primage" : "https://cmkt-image-prd.global.ssl.fastly.net/0.1.0/ps/11838/580/386/m1/fpnw/wm0/01_preview-.jpg?1364461998&s=edb663e60bfbb4e77567f470d0805152",
        "prname" : "Buisness Card",
        "prprice" : "50.0",
        "useremail" : "sohinisarkar28995@gmail.com",
        "usermobile" : "9009835278"
      }
    },
    "9813945786" : {
      "-LNQrX7kP5m7tqOc1ifL" : {
        "message_body" : "",
        "message_header" : "",
        "no_of_items" : 1,
        "prdesc" : "My custom Buisness Card",
        "prid" : 1024,
        "primage" : "https://cmkt-image-prd.global.ssl.fastly.net/0.1.0/ps/11838/580/386/m1/fpnw/wm0/01_preview-.jpg?1364461998&s=edb663e60bfbb4e77567f470d0805152",
        "prname" : "Buisness Card",
        "prprice" : "50.0",
        "useremail" : "asthreahnabin@gmail.com",
        "usermobile" : "9813945786"
      }
    },
    "9823136322" : {
      "-L9Gp6eF7HWZJ9aIEbq7" : {
        "message_body" : "",
        "message_header" : "",
        "no_of_items" : 3,
        "prdesc" : "some desc",
        "prid" : 88998,
        "primage" : "https://encrypted-tbn3.gstatic.com/shopping?q=tbn:ANd9GcR7cuqozYGH0LsAmj5qqYJ3MZ0pZGv8x7CYxk6UVNIyNZahx2iDzp2u4WfNb3tqRuPLVmixWr8&usqp=CAc",
        "prname" : "panda tshirt",
        "prprice" : "350.0",
        "useremail" : "lohar2159@gmail.com",
        "usermobile" : "9823136322"
      }
    },
    "9876543210" : {
      "-LIk5VP4rBgErwyBte8e" : {
        "message_body" : "",
        "message_header" : "",
        "no_of_items" : 3,
        "prdesc" : "My custom Buisness Card",
        "prid" : 1024,
        "primage" : "https://cmkt-image-prd.global.ssl.fastly.net/0.1.0/ps/11838/580/386/m1/fpnw/wm0/01_preview-.jpg?1364461998&s=edb663e60bfbb4e77567f470d0805152",
        "prname" : "Buisness Card",
        "prprice" : "50.0",
        "useremail" : "kelvin.ejob@gmail.com",
        "usermobile" : "9876543210"
      }
    },
    "9988776655" : {
      "-LD_hLsZMmeAoW1Q_lIq" : {
        "message_body" : "",
        "message_header" : "",
        "no_of_items" : 1,
        "prdesc" : "Custom Printed Calendar for 2018",
        "prid" : 2580,
        "primage" : "https://encrypted-tbn1.gstatic.com/images?q=tbn:ANd9GcQKrEsNakXVzDERHFBuCR5J_HmybxNxDu4BTamHth80kXKFNXI5Nw",
        "prname" : "Your Calendar",
        "prprice" : "260.0",
        "useremail" : "help.techbuzz@gmail.com",
        "usermobile" : "9988776655"
      },
      "-LFD7q5a3LYU3-3n_lX5" : {
        "message_body" : "",
        "message_header" : "",
        "no_of_items" : 1,
        "prdesc" : "Custom printed Named Keychain",
        "prid" : 3578,
        "primage" : "https://encrypted-tbn1.gstatic.com/images?q=tbn:ANd9GcS6MA0XqYddB4cZjZ2g-InqhdkaI5vO3UOB3RxtVRph_kKh0OAgAGDsrZXz",
        "prname" : "Your Keychain",
        "prprice" : "120.0",
        "useremail" : "help.techbuzz@gmail.com",
        "usermobile" : "9988776655"
      },
      "-LFD7qSs-tZcYXtJ7NPy" : {
        "message_body" : "",
        "message_header" : "",
        "no_of_items" : 1,
        "prdesc" : "Custom printed Named Keychain",
        "prid" : 3578,
        "primage" : "https://encrypted-tbn1.gstatic.com/images?q=tbn:ANd9GcS6MA0XqYddB4cZjZ2g-InqhdkaI5vO3UOB3RxtVRph_kKh0OAgAGDsrZXz",
        "prname" : "Your Keychain",
        "prprice" : "120.0",
        "useremail" : "help.techbuzz@gmail.com",
        "usermobile" : "9988776655"
      },
      "-LFD7qb2nA_kCx-4KH6P" : {
        "message_body" : "",
        "message_header" : "",
        "no_of_items" : 1,
        "prdesc" : "Custom printed Named Keychain",
        "prid" : 3578,
        "primage" : "https://encrypted-tbn1.gstatic.com/images?q=tbn:ANd9GcS6MA0XqYddB4cZjZ2g-InqhdkaI5vO3UOB3RxtVRph_kKh0OAgAGDsrZXz",
        "prname" : "Your Keychain",
        "prprice" : "120.0",
        "useremail" : "help.techbuzz@gmail.com",
        "usermobile" : "9988776655"
      },
      "-LFD7qhP8C936A1iUssz" : {
        "message_body" : "",
        "message_header" : "",
        "no_of_items" : 1,
        "prdesc" : "Custom printed Named Keychain",
        "prid" : 3578,
        "primage" : "https://encrypted-tbn1.gstatic.com/images?q=tbn:ANd9GcS6MA0XqYddB4cZjZ2g-InqhdkaI5vO3UOB3RxtVRph_kKh0OAgAGDsrZXz",
        "prname" : "Your Keychain",
        "prprice" : "120.0",
        "useremail" : "help.techbuzz@gmail.com",
        "usermobile" : "9988776655"
      },
      "-LFD7uYY0acwIIHkl8Jb" : {
        "message_body" : "",
        "message_header" : "",
        "no_of_items" : 1,
        "prdesc" : "Custom printed Named Keychain",
        "prid" : 3578,
        "primage" : "https://encrypted-tbn1.gstatic.com/images?q=tbn:ANd9GcS6MA0XqYddB4cZjZ2g-InqhdkaI5vO3UOB3RxtVRph_kKh0OAgAGDsrZXz",
        "prname" : "Your Keychain",
        "prprice" : "120.0",
        "useremail" : "help.techbuzz@gmail.com",
        "usermobile" : "9988776655"
      },
      "-LFD7umxGKHLN-r4WBIX" : {
        "message_body" : "",
        "message_header" : "",
        "no_of_items" : 1,
        "prdesc" : "Custom printed Named Keychain",
        "prid" : 3578,
        "primage" : "https://encrypted-tbn1.gstatic.com/images?q=tbn:ANd9GcS6MA0XqYddB4cZjZ2g-InqhdkaI5vO3UOB3RxtVRph_kKh0OAgAGDsrZXz",
        "prname" : "Your Keychain",
        "prprice" : "120.0",
        "useremail" : "help.techbuzz@gmail.com",
        "usermobile" : "9988776655"
      },
      "-LFD7uvgl8yHjfgyeqVw" : {
        "message_body" : "",
        "message_header" : "",
        "no_of_items" : 1,
        "prdesc" : "Custom printed Named Keychain",
        "prid" : 3578,
        "primage" : "https://encrypted-tbn1.gstatic.com/images?q=tbn:ANd9GcS6MA0XqYddB4cZjZ2g-InqhdkaI5vO3UOB3RxtVRph_kKh0OAgAGDsrZXz",
        "prname" : "Your Keychain",
        "prprice" : "120.0",
        "useremail" : "help.techbuzz@gmail.com",
        "usermobile" : "9988776655"
      },
      "-LFD7v1Tz5EnbYXBWiQQ" : {
        "message_body" : "",
        "message_header" : "",
        "no_of_items" : 1,
        "prdesc" : "Custom printed Named Keychain",
        "prid" : 3578,
        "primage" : "https://encrypted-tbn1.gstatic.com/images?q=tbn:ANd9GcS6MA0XqYddB4cZjZ2g-InqhdkaI5vO3UOB3RxtVRph_kKh0OAgAGDsrZXz",
        "prname" : "Your Keychain",
        "prprice" : "120.0",
        "useremail" : "help.techbuzz@gmail.com",
        "usermobile" : "9988776655"
      },
      "-LFD7v84zScnJr42rd5_" : {
        "message_body" : "",
        "message_header" : "",
        "no_of_items" : 1,
        "prdesc" : "Custom printed Named Keychain",
        "prid" : 3578,
        "primage" : "https://encrypted-tbn1.gstatic.com/images?q=tbn:ANd9GcS6MA0XqYddB4cZjZ2g-InqhdkaI5vO3UOB3RxtVRph_kKh0OAgAGDsrZXz",
        "prname" : "Your Keychain",
        "prprice" : "120.0",
        "useremail" : "help.techbuzz@gmail.com",
        "usermobile" : "9988776655"
      },
      "-LFD7vEA6UGUbT7DQfKd" : {
        "message_body" : "",
        "message_header" : "",
        "no_of_items" : 1,
        "prdesc" : "Custom printed Named Keychain",
        "prid" : 3578,
        "primage" : "https://encrypted-tbn1.gstatic.com/images?q=tbn:ANd9GcS6MA0XqYddB4cZjZ2g-InqhdkaI5vO3UOB3RxtVRph_kKh0OAgAGDsrZXz",
        "prname" : "Your Keychain",
        "prprice" : "120.0",
        "useremail" : "help.techbuzz@gmail.com",
        "usermobile" : "9988776655"
      },
      "-LFD7vJeXyBq1aSDx90T" : {
        "message_body" : "",
        "message_header" : "",
        "no_of_items" : 1,
        "prdesc" : "Custom printed Named Keychain",
        "prid" : 3578,
        "primage" : "https://encrypted-tbn1.gstatic.com/images?q=tbn:ANd9GcS6MA0XqYddB4cZjZ2g-InqhdkaI5vO3UOB3RxtVRph_kKh0OAgAGDsrZXz",
        "prname" : "Your Keychain",
        "prprice" : "120.0",
        "useremail" : "help.techbuzz@gmail.com",
        "usermobile" : "9988776655"
      },
      "-LFD7vMugQvYB6d3tnwq" : {
        "message_body" : "",
        "message_header" : "",
        "no_of_items" : 1,
        "prdesc" : "Custom printed Named Keychain",
        "prid" : 3578,
        "primage" : "https://encrypted-tbn1.gstatic.com/images?q=tbn:ANd9GcS6MA0XqYddB4cZjZ2g-InqhdkaI5vO3UOB3RxtVRph_kKh0OAgAGDsrZXz",
        "prname" : "Your Keychain",
        "prprice" : "120.0",
        "useremail" : "help.techbuzz@gmail.com",
        "usermobile" : "9988776655"
      },
      "-LFD7vPIMMGg--otB1KZ" : {
        "message_body" : "",
        "message_header" : "",
        "no_of_items" : 1,
        "prdesc" : "Custom printed Named Keychain",
        "prid" : 3578,
        "primage" : "https://encrypted-tbn1.gstatic.com/images?q=tbn:ANd9GcS6MA0XqYddB4cZjZ2g-InqhdkaI5vO3UOB3RxtVRph_kKh0OAgAGDsrZXz",
        "prname" : "Your Keychain",
        "prprice" : "120.0",
        "useremail" : "help.techbuzz@gmail.com",
        "usermobile" : "9988776655"
      }
    }
  }
}
